# 4. 小结

直接把`t1`表和`t2`表的3种连接方式写在一起,方便理解:

```
mysql> SELECT *
    -> FROM t1
    -> INNER JOIN t2
    -> ON t1.m1 = t2.m2;
+------+------+------+------+
| m1   | n1   | m2   | n2   |
+------+------+------+------+
|    2 | b    |    2 | b    |
|    3 | c    |    3 | c    |
+------+------+------+------+
2 rows in set (0.00 sec)
```

```
mysql> SELECT *
    -> FROM t1
    -> LEFT JOIN t2
    -> ON t1.m1 = t2.m2;
+------+------+------+------+
| m1   | n1   | m2   | n2   |
+------+------+------+------+
|    1 | a    | NULL | NULL |
|    2 | b    |    2 | b    |
|    3 | c    |    3 | c    |
+------+------+------+------+
3 rows in set (0.01 sec)
```

```
mysql> SELECT *
    -> FROM t1
    -> RIGHT JOIN t2
    -> ON t1.m1 = t2.m2;
+------+------+------+------+
| m1   | n1   | m2   | n2   |
+------+------+------+------+
|    2 | b    |    2 | b    |
|    3 | c    |    3 | c    |
| NULL | NULL |    4 | d    |
+------+------+------+------+
3 rows in set (0.00 sec)
```
